hash,from,to
0x560d5d5c7a8f24c90f5539411bdfd68953cde03e68847bda6ad80f4bf37fd757,0x16F464cd43E87686BcBb079A7b6Cb60e72918285,0x7a250d5630B4cF539739dF2C5dAcb4c659F2488D
0xec197a2c3858ca932b939f36a98fdc05028519a905af8a21c0a4ee86386c30a3,0x90eD8D9672BF7d59eb2Dd499e77353AA1675eA57,0x7a250d5630B4cF539739dF2C5dAcb4c659F2488D
0x21388675a5ddbe98684f3e14b411e897cd295c44ca158901e7c3da100b39c9c4,0x352c205C4f30F50FF4dBDa8D37D0E6310B7cca0E,0x7a250d5630B4cF539739dF2C5dAcb4c659F2488D
0x2b1d2a3b10f0327881afcd075083a14eaabaa9aa4c6197952d2b2e749525aba0,0xcd9d728194f21a4Acde2DC943caadF61868f82f1,0x7a250d5630B4cF539739dF2C5dAcb4c659F2488D
0x142423c60248603b2e72d071dcea72ab19d4a104fcc46335a860d048450f33a9,0x2B28B67126Fc897E2d4497F5Db316AE183A40311,0x7a250d5630B4cF539739dF2C5dAcb4c659F2488D
0x4a7435c1bb5c8afccd8f4e9a51cd1612dd188547d6fef5053340d8e684872771,0x888888AFA1b6E853985A1eaa3872dA940AfDcFe8,0x7a250d5630B4cF539739dF2C5dAcb4c659F2488D
0xad890340337fdb36d6c45c84be40b4a804645fe30e8939b75b6209b87e1ef04f,0xaC5A8425ED2DE1Eb4EeB4924E8B3C60205f7e46f,0x7a250d5630B4cF539739dF2C5dAcb4c659F2488D
0x9ef13195163aaa2e18652ad08c0692597329c171c29285260968dfd6690b423d,0x84eE359c7132eD54774bD5447019528A7a7A9DA7,0x7a250d5630B4cF539739dF2C5dAcb4c659F2488D
0x468be8f8f79321df616d4eed809fc8ce851dfea0573562d93956065b47bd2572,0xa34C038486f453088a650325131e430c4bc43a17,0x7a250d5630B4cF539739dF2C5dAcb4c659F2488D
0x37ced96051437df6c93335589c5aa190cf767b7998aa27d1068bb1b6965a50a9,0xfA042aa200507925AdF07A51A976A53a2B1F258F,0x7a250d5630B4cF539739dF2C5dAcb4c659F2488D
0x5fceb90e35e320b482cb4e490462b1ab5e116f5e6c440ec22806672c3d1adff1,0x9626bDf4bC92e302259260D3CB2A422Ca9bD672a,0x7a250d5630B4cF539739dF2C5dAcb4c659F2488D
0x40364366fdb5f1781a262dccbd13b3ecdf3645065a665335abab6a3cd5f5243e,0x37dDD4946d65Bf6ca288bB8Da48FD6d580DC41E9,0x7a250d5630B4cF539739dF2C5dAcb4c659F2488D
0x81b508f16a4c436a3b9163b82d161c93d08db7a3fba40001462e1a2be88a80a1,0xEeC81E0d3e1F5E73735e8d62e87DFc83Ce3429Bb,0x7a250d5630B4cF539739dF2C5dAcb4c659F2488D
